,1st Day Open to Close % Chg
0,0
1,1
2,0
3,0
4,0
5,0
6,0
7,1
8,1
9,1
10,0
11,1
12,0
13,0
14,0
15,0
16,1
17,1
18,0
19,0
20,0
21,0
22,0
23,0
24,0
25,0
26,0
27,0
28,0
29,0
30,0
31,0
32,0
33,0
34,0
35,1
36,0
37,0
38,0
39,0
40,0
41,0
42,0
43,0
44,0
45,0
46,0
47,0
48,0
49,0
50,0
51,0
52,1
53,0
54,0
55,0
56,0
57,0
58,0
59,1
60,1
61,0
62,0
63,1
64,0
65,0
66,0
67,0
68,0
69,0
70,0
71,0
72,1
73,0
74,0
75,1
76,0
77,1
78,1
79,1
80,0
81,0
82,0
83,0
84,0
85,0
86,1
87,1
88,0
89,0
90,1
91,0
92,0
93,0
94,1
95,0
96,0
97,1
98,0
99,0
100,1
101,1
102,1
103,0
104,0
105,0
106,0
107,0
108,1
109,0
110,0
111,0
112,0
113,0
114,0
115,0
116,1
117,0
118,0
119,0
120,0
121,0
122,0
123,1
124,0
125,0
126,0
127,0
128,0
129,0
130,1
131,0
132,0
133,1
134,0
135,1
136,0
137,0
138,0
139,0
140,0
141,0
142,0
143,0
144,0
145,1
146,0
147,0
148,0
149,0
150,0
151,0
152,1
153,0
154,1
155,0
156,0
157,0
158,0
159,0
160,0
161,0
162,0
163,1
164,0
165,0
166,1
167,0
168,0
169,0
170,0
171,0
172,0
173,0
174,0
175,0
176,0
177,0
178,0
179,0
180,0
181,0
182,1
183,0
184,0
185,0
186,0
187,1
188,1
189,0
190,0
191,0
192,1
193,0
194,0
195,0
196,0
197,0
198,0
199,0
200,0
201,1
202,0
203,0
204,0
205,0
206,0
207,0
208,0
209,0
210,0
211,0
212,0
213,0
214,0
215,1
216,1
217,0
218,1
219,0
220,0
221,0
222,0
223,1
224,0
225,0
226,0
227,1
228,0
229,1
230,0
231,0
232,1
233,0
234,0
235,0
236,0
237,0
238,0
239,0
240,0
241,1
242,1
243,0
244,1
245,1
246,1
247,1
248,1
249,0
250,0
251,0
252,1
253,0
254,0
255,1
256,1
257,1
258,0
259,0
260,1
261,0
262,0
263,0
264,0
265,1
266,1
267,0
268,1
269,1
270,0
271,0
272,0
273,1
274,0
275,0
276,0
277,1
278,0
279,0
280,1
281,0
282,0
283,0
284,0
285,1
286,0
287,0
288,0
289,0
290,1
291,0
292,0
293,1
294,0
295,0
296,1
297,0
298,0
299,1
300,0
301,0
302,0
303,0
304,0
305,0
306,0
307,0
308,0
309,1
310,1
311,0
312,1
313,1
314,0
315,0
316,0
317,1
318,1
319,0
320,0
321,0
322,0
323,0
324,0
325,0
326,0
327,0
328,1
329,1
330,0
331,1
332,0
333,1
334,0
335,1
336,1
337,0
338,0
339,0
340,0
341,1
342,0
343,0
344,1
345,0
346,0
347,0
348,0
349,0
350,0
351,0
352,0
353,0
354,0
355,0
356,0
357,0
358,1
359,1
360,0
361,1
362,1
363,1
364,0
365,1
366,1
367,1
368,0
369,0
370,0
371,1
372,0
373,0
374,0
375,0
376,1
377,0
378,1
379,1
380,0
381,0
382,1
383,1
384,0
385,0
386,0
387,0
388,0
389,0
390,0
391,0
392,0
393,1
394,0
395,0
396,0
397,0
398,1
399,0
400,0
401,0
402,0
403,1
404,0
405,0
406,0
407,0
408,1
409,0
410,1
411,0
412,0
413,0
414,0
415,0
416,0
417,0
418,1
419,0
420,0
421,0
422,1
423,0
424,1
425,0
426,0
427,0
428,1
429,1
430,1
431,0
432,0
433,0
434,0
435,0
436,0
437,0
438,1
439,0
440,1
441,0
442,0
443,0
444,1
445,0
446,0
447,0
448,0
449,0
450,0
451,0
452,0
453,0
454,0
455,1
456,0
457,0
458,0
459,1
460,0
461,0
462,0
463,0
464,0
465,0
466,0
467,0
468,0
469,0
470,0
471,1
472,1
473,1
474,1
475,1
476,0
477,0
478,0
479,0
480,0
481,0
482,0
483,1
484,1
485,1
486,0
487,0
488,0
489,0
490,0
491,1
492,0
493,1
494,0
495,0
496,0
497,0
498,0
499,0
500,1
501,1
502,0
503,0
504,1
505,0
506,0
507,1
508,1
509,0
510,0
511,0
512,0
513,1
514,0
515,1
516,0
517,0
518,0
519,0
520,1
521,0
522,0
523,0
524,0
525,0
526,1
527,0
528,0
529,1
530,1
531,0
532,0
533,1
534,0
535,1
536,0
537,0
538,0
539,0
540,0
541,1
542,1
543,0
544,0
545,0
546,1
547,0
548,0
549,0
550,0
551,0
552,0
553,0
554,1
555,0
556,1
557,0
558,0
559,0
560,0
561,0
562,0
563,1
564,0
565,0
566,0
567,0
568,0
569,0
570,1
571,0
572,1
573,1
574,0
575,0
576,1
577,0
578,1
579,0
580,0
581,0
582,0
583,0
584,0
585,0
586,0
587,0
588,0
589,0
590,1
591,0
592,0
593,0
594,1
595,0
596,0
597,0
598,0
599,0
600,0
601,1
602,1
603,0
604,0
605,0
606,0
607,0
608,0
609,0
610,0
611,1
612,0
613,0
614,0
615,0
616,0
617,0
618,0
619,0
620,0
621,1
622,0
623,0
624,0
625,1
626,0
627,0
628,0
629,0
630,0
631,1
632,0
633,1
634,0
635,0
636,0
637,0
638,0
639,0
640,0
641,0
642,0
643,0
644,0
645,1
646,0
647,0
648,1
649,1
650,0
651,0
652,1
653,0
654,1
655,0
656,0
657,1
658,0
659,1
660,0
661,0
662,0
663,0
664,0
665,0
666,0
667,0
668,1
669,0
670,1
671,0
672,0
673,0
674,0
675,1
676,1
677,0
678,0
679,1
680,0
681,0
682,0
683,1
684,0
685,0
686,0
687,0
688,1
689,1
690,0
691,0
692,0
693,0
694,0
695,1
696,0
697,0
698,0
699,0
700,0
701,0
702,1
703,1
704,0
705,0
706,0
707,1
708,0
709,1
710,0
711,1
712,0
713,1
714,0
715,1
716,1
717,0
718,1
719,0
720,0
721,0
722,0
723,0
724,1
725,0
726,0
727,0
728,1
729,0
730,1
731,1
732,0
733,1
734,0
735,0
736,0
737,0
738,1
739,1
740,0
741,0
742,0
743,0
744,0
745,0
746,0
747,0
748,0
749,0
750,0
751,1
752,1
753,0
754,1
755,0
756,0
757,1
758,0
759,1
760,1
761,1
762,0
763,0
764,1
765,0
766,0
767,1
768,1
769,0
770,0
771,0
772,0
773,0
774,1
775,0
776,0
777,0
778,0
779,0
780,1
781,0
782,1
783,0
784,0
785,1
786,0
787,0
788,0
789,0
790,0
791,1
792,0
793,0
794,0
795,0
796,1
797,0
798,0
799,0
800,1
801,0
802,1
803,0
804,0
805,0
806,0
807,0
808,0
809,1
810,0
811,0
812,0
813,0
814,1
815,0
816,0
817,0
818,1
819,0
820,0
821,1
822,0
823,0
824,0
825,0
826,0
827,0
828,0
829,0
830,0
831,0
832,0
833,0
834,0
835,0
836,0
837,0
838,0
839,0
840,1
841,1
842,0
843,0
844,1
845,0
846,0
847,0
848,0
849,0
850,1
851,1
852,0
853,1
854,1
855,0
856,0
857,0
858,1
859,0
860,0
861,0
862,0
863,0
864,0
865,0
866,0
867,0
868,0
869,1
870,0
871,0
872,0
873,0
874,0
875,0
876,0
877,0
878,0
879,0
880,0
881,1
882,0
883,0
884,1
885,1
886,0
887,1
888,1
889,0
890,1
891,0
892,0
893,0
894,0
895,1
896,0
897,1
898,0
899,0
900,0
901,0
902,0
903,0
904,0
905,0
906,0
907,0
908,0
909,0
910,0
911,0
912,0
913,0
914,1
915,0
916,0
917,1
918,1
919,0
920,1
921,0
922,0
923,0
924,0
925,1
926,0
927,1
928,0
929,1
930,0
931,0
932,1
933,0
934,0
935,1
936,0
937,1
938,0
939,0
940,0
941,0
942,0
943,0
944,0
945,0
946,0
947,0
948,0
949,0
950,0
951,0
952,0
953,0
954,1
955,0
956,1
957,1
958,0
959,1
960,0
961,1
962,0
963,0
964,1
965,0
966,0
967,0
968,1
969,0
970,0
971,0
972,0
973,0
974,0
975,0
976,1
977,1
978,0
979,0
980,0
981,0
982,0
983,1
984,0
985,1
986,0
987,1
988,0
989,1
990,0
991,1
992,0
993,1
994,1
995,0
996,0
997,0
998,0
999,1
1000,1
1001,1
1002,1
1003,0
1004,1
1005,0
1006,1
1007,0
1008,0
1009,0
1010,0
1011,0
1012,0
1013,0
1014,0
1015,1
1016,1
1017,0
1018,0
1019,0
1020,1
1021,1
1022,0
1023,1
1024,1
1025,0
1026,1
1027,1
1028,0
1029,1
1030,1
1031,0
1032,1
1033,0
1034,1
1035,1
1036,0
1037,0
1038,0
1039,0
1040,1
1041,1
1042,0
1043,0
1044,0
1045,0
1046,0
1047,0
1048,0
1049,0
1050,0
1051,0
1052,1
1053,1
1054,1
1055,1
1056,0
1057,0
1058,1
1059,0
1060,0
1061,0
1062,1
1063,1
1064,0
1065,1
1066,0
1067,0
1068,1
1069,0
1070,0
1071,0
1072,1
1073,0
1074,1
1075,0
1076,0
1077,0
1078,0
1079,0
1080,0
1081,1
1082,0
1083,1
1084,0
1085,1
1086,0
1087,1
1088,0
1089,1
1090,0
1091,1
1092,0
1093,0
1094,1
1095,1
1096,0
1097,0
1098,0
1099,0
1100,1
1101,0
1102,1
1103,0
1104,0
1105,0
1106,0
1107,1
1108,0
1109,0
1110,1
1111,1
1112,1
1113,1
1114,1
1115,0
1116,0
1117,1
1118,0
1119,1
1120,0
1121,0
1122,1
1123,0
1124,1
1125,1
1126,1
1127,0
1128,0
1129,0
1130,0
1131,0
1132,0
1133,0
1134,0
1135,1
1136,0
1137,1
1138,0
1139,1
1140,1
1141,0
1142,1
1143,0
1144,1
1145,0
1146,0
1147,1
1148,0
1149,1
1150,1
1151,0
1152,1
1153,0
1154,0
1155,0
1156,0
1157,1
1158,0
1159,1
1160,1
1161,1
1162,1
1163,1
1164,1
1165,0
1166,0
1167,1
1168,0
1169,0
1170,1
1171,0
1172,0
1173,0
1174,0
1175,1
1176,0
1177,0
1178,1
1179,0
1180,0
1181,0
1182,0
1183,1
1184,0
1185,1
1186,0
1187,0
1188,0
1189,0
1190,0
1191,1
1192,1
1193,0
1194,1
1195,0
1196,1
1197,0
1198,0
1199,0
1200,0
1201,0
1202,0
1203,0
1204,0
1205,0
1206,0
1207,1
1208,0
1209,0
1210,1
1211,0
1212,1
1213,0
1214,0
1215,0
1216,0
1217,0
1218,0
1219,0
1220,0
1221,1
1222,0
1223,0
1224,1
1225,0
1226,1
1227,0
1228,0
1229,0
1230,0
1231,1
1232,1
1233,0
1234,0
1235,0
1236,0
1237,1
1238,1
1239,0
1240,0
1241,0
1242,1
1243,0
1244,1
1245,1
1246,0
1247,0
1248,0
1249,0
1250,0
1251,0
1252,0
1253,0
1254,0
1255,0
1256,0
1257,0
1258,1
1259,0
1260,0
1261,1
1262,0
1263,0
1264,0
1265,0
1266,0
1267,0
1268,1
1269,0
1270,1
1271,0
1272,0
1273,0
1274,0
1275,0
1276,1
1277,0
1278,0
1279,0
1280,0
1281,0
1282,0
1283,1
1284,0
1285,0
1286,0
1287,1
1288,1
1289,0
1290,0
1291,0
1292,0
1293,1
1294,0
1295,0
1296,0
1297,0
1298,0
1299,0
1300,1
1301,0
1302,1
1303,0
1304,0
1305,0
1306,1
1307,1
1308,0
1309,0
1310,0
1311,1
1312,0
1313,0
1314,0
1315,0
1316,0
1317,0
1318,0
1319,0
1320,0
1321,0
1322,1
1323,0
1324,0
1325,0
1326,0
1327,0
1328,0
1329,0
1330,0
1331,0
1332,0
1333,0
1334,1
1335,0
1336,0
1337,1
1338,0
1339,0
1340,0
1341,1
1342,0
1343,0
1344,0
1345,0
1346,1
1347,0
1348,1
1349,0
1350,0
1351,0
1352,1
1353,0
1354,0
1355,0
1356,1
1357,1
1358,1
1359,0
1360,0
1361,0
1362,1
1363,0
1364,0
1365,0
1366,0
1367,1
1368,0
1369,0
1370,0
1371,1
1372,0
1373,1
1374,0
1375,0
1376,0
1377,1
1378,0
1379,0
1380,1
1381,0
1382,1
1383,1
1384,0
1385,0
1386,0
1387,0
1388,0
1389,0
1390,0
1391,0
1392,1
1393,0
1394,1
1395,0
1396,0
1397,0
1398,1
1399,1
1400,0
1401,0
1402,0
1403,0
1404,0
1405,1
1406,0
1407,1
1408,0
1409,0
1410,0
1411,0
1412,1
1413,0
1414,0
1415,0
1416,0
1417,0
1418,0
1419,0
1420,0
1421,1
1422,0
1423,0
1424,1
1425,0
1426,0
1427,1
1428,0
1429,0
1430,1
1431,1
1432,1
1433,1
1434,0
1435,1
1436,1
1437,0
1438,0
1439,0
1440,0
1441,1
1442,0
1443,1
1444,0
1445,0
1446,0
1447,0
1448,0
1449,0
1450,0
1451,0
1452,0
1453,1
1454,1
1455,0
1456,0
1457,1
1458,1
1459,1
1460,1
1461,1
1462,0
1463,1
1464,0
1465,1
1466,0
1467,1
1468,1
1469,0
1470,0
1471,1
1472,0
1473,1
1474,1
1475,0
1476,0
1477,1
1478,0
1479,1
1480,0
1481,0
1482,0
1483,0
1484,0
1485,1
1486,0
1487,1
1488,0
1489,0
1490,1
1491,0
1492,0
1493,0
1494,0
1495,0
1496,0
1497,0
1498,0
1499,0
1500,0
1501,1
1502,1
1503,1
1504,1
1505,1
1506,0
1507,0
1508,1
1509,0
1510,0
1511,0
1512,0
1513,0
1514,0
1515,1
1516,1
1517,0
1518,1
1519,0
1520,0
1521,1
1522,0
1523,1
1524,1
1525,0
1526,0
1527,0
1528,0
1529,0
1530,1
1531,1
1532,1
1533,0
1534,0
1535,1
1536,0
1537,1
1538,0
1539,1
1540,0
1541,0
1542,1
1543,0
1544,1
1545,0
1546,1
1547,1
1548,1
1549,0
1550,0
1551,0
1552,1
1553,1
1554,0
1555,0
1556,0
1557,0
1558,1
1559,1
1560,0
1561,0
1562,0
1563,0
1564,0
1565,0
1566,0
1567,0
1568,0
1569,0
1570,1
1571,0
1572,0
1573,1
1574,0
1575,0
1576,0
1577,0
1578,0
1579,0
1580,0
1581,1
1582,0
1583,1
1584,0
1585,0
1586,0
1587,0
1588,0
1589,0
1590,1
1591,1
1592,0
1593,0
1594,1
1595,0
1596,0
1597,0
1598,0
1599,1
1600,0
1601,0
1602,1
1603,0
1604,0
1605,1
1606,0
1607,0
1608,1
1609,0
1610,0
1611,0
1612,1
1613,0
1614,0
1615,0
1616,0
1617,0
1618,0
1619,0
1620,1
1621,0
1622,0
1623,1
1624,1
1625,0
1626,1
1627,0
1628,1
1629,0
1630,0
1631,0
1632,0
1633,1
1634,1
1635,0
1636,0
1637,1
1638,0
1639,1
1640,0
1641,0
1642,1
1643,0
1644,0
1645,0
1646,1
1647,1
1648,0
1649,1
1650,1
1651,0
1652,0
1653,0
1654,0
1655,0
1656,1
1657,0
1658,0
1659,0
1660,0
1661,0
1662,0
1663,1
1664,1
1665,1
1666,0
1667,1
1668,0
1669,0
1670,1
1671,0
1672,0
1673,0
1674,0
1675,0
1676,0
1677,0
1678,0
1679,0
1680,0
1681,0
1682,0
1683,0
1684,0
1685,1
1686,0
1687,0
1688,0
1689,1
1690,0
1691,1
1692,0
1693,0
1694,0
1695,1
1696,0
1697,0
1698,0
1699,0
1700,0
1701,1
1702,0
1703,0
1704,1
1705,0
1706,1
1707,0
1708,0
1709,1
1710,1
1711,0
1712,0
1713,0
1714,0
1715,1
1716,0
1717,1
1718,0
1719,0
1720,0
1721,0
1722,0
1723,0
1724,0
1725,0
1726,0
1727,1
1728,1
1729,1
1730,0
1731,0
1732,1
1733,0
1734,0
1735,0
1736,0
1737,0
1738,1
1739,0
1740,1
1741,0
1742,0
1743,0
1744,1
1745,1
1746,0
1747,0
1748,0
1749,1
1750,0
1751,1
1752,0
1753,1
1754,0
1755,0
1756,0
1757,1
1758,0
1759,0
1760,0
1761,0
1762,0
1763,0
1764,1
1765,1
1766,0
1767,0
1768,0
1769,0
1770,1
1771,1
1772,0
1773,0
1774,1
1775,0
1776,1
1777,0
1778,0
1779,0
1780,0
1781,0
1782,0
1783,0
1784,0
1785,0
1786,1
1787,0
1788,0
1789,0
1790,0
1791,1
1792,0
1793,0
1794,1
1795,0
1796,0
1797,0
1798,0
1799,0
1800,0
1801,0
1802,0
1803,1
1804,0
1805,1
1806,0
1807,1
1808,1
1809,0
1810,0
1811,0
1812,0
1813,0
1814,0
1815,0
1816,0
1817,0
1818,0
1819,0
1820,0
1821,0
1822,0
1823,0
1824,0
1825,0
1826,1
1827,0
1828,1
1829,1
1830,1
1831,0
1832,0
1833,1
1834,1
1835,0
1836,0
1837,0
1838,0
1839,0
1840,0
1841,1
1842,0
1843,0
1844,0
1845,0
1846,1
1847,0
1848,0
1849,0
1850,0
1851,0
1852,0
1853,0
1854,0
1855,0
1856,1
1857,0
1858,1
1859,1
1860,1
1861,0
1862,0
1863,0
1864,0
1865,0
1866,1
1867,0
1868,0
1869,1
1870,1
1871,0
1872,0
1873,0
1874,0
1875,0
1876,1
1877,0
1878,0
1879,0
1880,0
1881,1
1882,0
1883,0
1884,0
1885,0
1886,0
1887,0
1888,0
1889,1
1890,0
1891,0
1892,0
1893,0
1894,1
1895,0
1896,0
1897,1
1898,0
1899,0
1900,0
1901,0
1902,0
1903,0
1904,1
1905,0
1906,1
1907,0
1908,0
1909,0
1910,0
1911,0
1912,0
1913,0
1914,1
1915,1
1916,0
1917,1
1918,0
1919,0
1920,1
1921,1
1922,0
1923,0
1924,0
1925,1
1926,0
1927,0
1928,0
1929,0
1930,0
1931,0
1932,0
1933,0
1934,0
1935,0
1936,0
1937,0
1938,1
1939,0
1940,0
1941,0
1942,0
1943,0
1944,0
1945,1
1946,0
1947,1
1948,0
1949,1
1950,0
1951,0
1952,0
1953,0
1954,0
1955,1
1956,0
1957,0
1958,0
1959,0
1960,1
1961,0
1962,1
1963,0
1964,0
1965,1
1966,0
1967,1
1968,0
1969,1
1970,0
1971,1
1972,0
1973,0
1974,0
1975,0
1976,0
1977,0
1978,0
1979,1
1980,1
1981,1
1982,1
1983,0
1984,1
1985,0
1986,1
1987,0
1988,0
1989,1
1990,1
1991,0
1992,0
1993,1
1994,1
1995,0
1996,0
1997,0
1998,0
1999,0
2000,0
2001,0
2002,0
2003,0
2004,1
2005,1
2006,1
2007,1
2008,0
2009,0
2010,0
2011,0
2012,1
2013,0
2014,0
2015,0
2016,0
2017,0
2018,0
2019,1
2020,1
2021,0
2022,0
2023,1
2024,1
2025,0
2026,0
2027,0
2028,0
2029,0
2030,0
2031,0
2032,0
2033,0
2034,0
2035,1
2036,0
2037,0
2038,0
2039,1
2040,0
2041,0
2042,0
2043,0
2044,1
2045,0
2046,1
2047,0
2048,0
2049,0
2050,0
2051,0
2052,0
2053,0
2054,1
2055,0
2056,0
2057,0
2058,1
2059,0
2060,0
2061,0
2062,0
2063,0
2064,0
2065,0
2066,0
2067,0
2068,0
2069,0
2070,0
2071,1
2072,0
2073,0
2074,0
2075,1
2076,0
2077,1
2078,0
2079,1
2080,1
2081,1
2082,1
2083,0
2084,1
2085,0
2086,0
2087,0
2088,1
2089,0
2090,0
2091,0
2092,0
2093,0
2094,1
2095,0
2096,0
2097,1
2098,1
2099,1
2100,0
2101,0
2102,0
2103,0
2104,1
2105,0
2106,0
2107,1
2108,0
2109,1
2110,0
2111,1
2112,0
2113,0
2114,0
2115,0
2116,0
2117,0
2118,0
2119,1
2120,0
2121,0
2122,0
2123,0
2124,0
2125,1
2126,0
2127,0
2128,0
2129,0
2130,0
2131,0
2132,0
2133,0
2134,0
2135,0
2136,0
2137,1
2138,0
2139,1
2140,1
2141,0
2142,0
2143,0
2144,0
2145,0
2146,0
2147,0
2148,0
2149,0
2150,0
2151,1
2152,0
2153,0
2154,0
2155,0
2156,0
2157,0
2158,0
2159,1
2160,1
2161,1
2162,0
2163,1
2164,0
2165,1
2166,1
2167,0
2168,0
2169,0
2170,0
2171,0
2172,0
2173,0
2174,0
2175,1
2176,0
2177,0
2178,0
2179,1
2180,1
2181,1
2182,0
2183,0
2184,0
2185,0
2186,0
2187,1
2188,0
2189,0
2190,1
2191,1
2192,1
2193,0
2194,0
2195,1
2196,1
2197,0
2198,1
2199,0
2200,0
2201,0
2202,1
2203,0
2204,0
2205,0
2206,1
2207,0
2208,1
2209,1
2210,0
2211,0
2212,0
2213,0
2214,0
2215,0
2216,0
2217,0
2218,0
2219,1
2220,0
2221,0
2222,0
2223,0
2224,1
2225,0
2226,0
2227,1
2228,1
2229,1
2230,0
2231,0
2232,0
2233,0
2234,0
2235,0
2236,0
2237,1
2238,0
2239,0
2240,0
2241,0
2242,0
2243,0
2244,0
2245,0
2246,0
2247,0
2248,1
2249,0
2250,0
2251,0
2252,0
2253,0
2254,0
2255,0
2256,0
2257,1
2258,0
2259,0
2260,0
2261,0
2262,0
2263,0
2264,0
2265,0
2266,1
2267,0
2268,0
2269,0
2270,0
2271,1
2272,1
2273,1
2274,1
2275,0
2276,0
2277,1
2278,0
2279,1
2280,1
2281,0
2282,0
2283,0
2284,0
2285,1
2286,1
2287,0
2288,0
2289,0
2290,1
2291,0
2292,0
2293,0
2294,1
2295,0
2296,0
2297,1
2298,1
2299,0
2300,1
2301,1
2302,1
2303,0
2304,1
2305,0
2306,0
2307,1
2308,1
2309,0
2310,1
2311,0
2312,1
2313,1
2314,0
2315,0
2316,0
2317,1
2318,0
2319,0
2320,0
2321,1
2322,0
2323,1
2324,0
2325,0
2326,1
2327,0
2328,0
2329,0
2330,0
2331,0
2332,0
2333,0
2334,0
2335,0
2336,0
2337,0
2338,0
2339,1
2340,0
2341,0
2342,1
2343,0
2344,0
2345,1
2346,0
2347,0
2348,0
2349,0
2350,1
2351,0
2352,0
2353,0
2354,0
2355,0
2356,0
2357,1
2358,1
2359,1
2360,0
2361,0
2362,0
2363,1
2364,1
2365,0
2366,0
2367,0
2368,0
2369,0
2370,0
2371,1
2372,0
2373,1
2374,1
2375,0
2376,0
2377,0
2378,0
2379,0
2380,0
2381,0
2382,1
2383,1
2384,0
2385,0
2386,1
2387,0
2388,0
2389,0
2390,0
2391,0
2392,0
2393,0
2394,0
2395,0
2396,0
2397,1
2398,0
2399,0
2400,0
2401,0
2402,0
2403,0
2404,1
2405,0
2406,1
2407,0
2408,1
2409,1
2410,0
2411,0
2412,0
2413,0
2414,1
2415,1
2416,0
2417,0
2418,0
2419,0
2420,0
2421,0
2422,1
2423,0
2424,0
2425,0
2426,0
2427,1
2428,0
2429,1
2430,0
2431,0
2432,0
2433,0
2434,1
2435,1
2436,0
2437,0
2438,0
2439,0
2440,0
2441,0
2442,0
2443,0
2444,0
2445,1
2446,0
2447,1
2448,0
2449,0
2450,0
2451,1
2452,0
2453,0
2454,1
2455,1
2456,1
2457,0
2458,1
2459,0
2460,0
2461,1
2462,0
2463,1
2464,0
2465,1
2466,0
2467,0
2468,0
2469,0
2470,0
2471,1
2472,0
2473,0
2474,0
2475,0
2476,0
2477,1
2478,0
2479,0
2480,0
2481,0
2482,0
2483,0
2484,0
2485,0
2486,0
2487,0
2488,1
2489,0
2490,0
2491,0
2492,0
2493,0
2494,1
2495,0
2496,0
2497,1
2498,0
2499,1
2500,1
2501,0
2502,0
2503,0
2504,1
2505,0
2506,1
2507,0
2508,1
2509,0
2510,0
2511,0
2512,0
2513,0
2514,0
2515,0
2516,1
2517,1
2518,0
2519,0
2520,0
2521,0
2522,0
2523,0
2524,1
2525,0
2526,0
2527,0
2528,0
2529,0
2530,0
2531,0
2532,0
2533,1
2534,0
2535,1
2536,0
2537,0
2538,0
2539,0
2540,0
2541,0
2542,0
2543,0
2544,0
2545,0
2546,0
2547,1
2548,0
2549,0
2550,0
2551,1
2552,1
2553,0
2554,1
2555,0
2556,1
2557,0
2558,1
2559,0
2560,0
2561,0
2562,1
2563,0
2564,0
2565,0
2566,0
2567,1
2568,1
2569,0
2570,0
2571,0
2572,0
2573,0
2574,1
2575,0
2576,0
2577,1
2578,0
2579,1
2580,0
2581,0
2582,1
2583,0
2584,1
2585,0
2586,0
2587,1
2588,1
2589,1
2590,0
2591,0
2592,0
2593,0
2594,0
2595,1
2596,0
2597,0
2598,0
2599,0
2600,1
2601,0
2602,0
2603,0
2604,0
2605,1
2606,0
2607,0
2608,0
2609,1
2610,0
2611,1
2612,0
2613,1
2614,0
2615,1
2616,0
2617,0
2618,1
2619,1
2620,1
2621,0
2622,0
2623,1
2624,0
2625,0
2626,0
2627,0
2628,0
2629,0
2630,0
2631,0
2632,0
2633,1
2634,1
2635,1
2636,1
2637,0
2638,0
2639,0
2640,0
2641,1
2642,0
2643,0
2644,0
2645,0
2646,0
2647,1
2648,0
2649,1
2650,1
2651,0
2652,0
2653,0
2654,0
2655,0
2656,1
2657,0
2658,0
2659,1
2660,0
2661,0
2662,0
2663,0
2664,0
2665,0
2666,1
2667,0
2668,0
2669,0
2670,0
2671,1
2672,0
2673,1
2674,0
2675,0
2676,1
2677,0
2678,0
2679,1
2680,0
2681,0
2682,0
2683,1
2684,0
2685,1
2686,1
2687,1
2688,0
2689,0
2690,0
2691,0
2692,0
2693,1
2694,0
2695,0
2696,0
2697,0
2698,0
2699,0
2700,1
2701,0
2702,0
2703,1
2704,0
2705,0
2706,0
2707,0
2708,0
2709,1
2710,0
2711,1
2712,0
2713,0
2714,0
2715,0
2716,0
2717,0
2718,1
2719,1
2720,0
2721,0
2722,1
2723,1
2724,0
2725,0
2726,0
2727,1
2728,0
2729,0
2730,0
2731,0
2732,1
2733,0
2734,0
2735,0
2736,0
2737,0
2738,1
2739,0
2740,0
2741,1
2742,0
2743,1
2744,1
2745,1
2746,0
2747,0
2748,0
2749,0
2750,0
2751,0
2752,0
2753,0
2754,1
2755,0
2756,1
2757,0
2758,0
2759,0
2760,0
2761,0
2762,0
2763,0
2764,1
2765,1
2766,0
2767,1
2768,1
2769,0
2770,1
2771,0
2772,0
2773,0
2774,1
2775,1
2776,1
2777,1
2778,0
2779,1
2780,1
2781,0
2782,1
2783,1
2784,0
2785,0
2786,1
2787,0
2788,1
2789,0
2790,0
2791,1
2792,1
2793,0
2794,0
2795,0
2796,0
2797,0
2798,0
2799,0
2800,0
2801,0
2802,0
2803,0
2804,0
2805,0
2806,0
2807,0
2808,0
2809,0
2810,0
2811,0
2812,0
2813,0
2814,0
2815,0
2816,1
2817,0
2818,1
2819,0
2820,1
2821,0
2822,0
2823,0
2824,0
2825,0
2826,0
2827,1
2828,0
2829,0
2830,0
2831,0
2832,0
2833,1
2834,1
2835,0
2836,0
2837,0
2838,0
2839,0
2840,1
2841,0
2842,1
2843,0
2844,1
2845,0
2846,0
2847,0
2848,0
2849,0
2850,0
2851,0
2852,1
2853,1
2854,1
2855,0
2856,0
2857,1
2858,0
2859,0
2860,1
2861,1
2862,0
2863,0
2864,1
2865,0
2866,0
2867,0
2868,1
2869,0
2870,0
2871,0
2872,1
2873,0
2874,0
2875,0
2876,0
2877,0
2878,0
2879,1
2880,0
2881,0
2882,1
2883,0
2884,0
2885,1
2886,0
2887,1
2888,1
2889,0
2890,0
2891,1
2892,1
2893,0
2894,0
2895,0
2896,0
2897,1
2898,0
2899,1
2900,0
2901,1
2902,0
2903,0
2904,0
2905,0
2906,0
2907,0
2908,0
2909,0
2910,1
2911,1
2912,1
2913,0
2914,0
2915,0
2916,1
2917,1
2918,1
2919,1
2920,0
2921,0
2922,1
2923,0
2924,1
2925,1
2926,0
2927,0
2928,1
2929,1
2930,0
2931,1
2932,0
2933,1
2934,1
2935,1
2936,1
2937,1
2938,1
2939,0
2940,1
2941,0
2942,0
2943,0
2944,1
2945,0
2946,0
2947,0
2948,0
2949,0
2950,0
2951,0
2952,0
2953,0
2954,1
2955,1
2956,0
2957,0
2958,1
2959,1
2960,0
2961,1
2962,0
2963,0
2964,0
2965,0
2966,0
2967,0
2968,0
2969,1
2970,0
2971,1
2972,0
2973,1
2974,0
2975,0
2976,0
2977,0
2978,1
2979,1
2980,0
2981,1
2982,0
2983,0
2984,1
2985,1
2986,1
2987,0
2988,0
2989,1
2990,1
2991,0
2992,0
2993,0
2994,0
2995,1
2996,0
2997,0
2998,0
2999,0
3000,0
3001,0
3002,0
3003,0
3004,0
3005,0
3006,0
3007,0
3008,0
3009,0
3010,0
3011,0
3012,0
3013,0
3014,1
3015,0
3016,1
3017,0
3018,0
3019,0
3020,0
3021,0
3022,1
3023,0
3024,1
3025,0
3026,0
3027,0
3028,1
3029,0
3030,1
3031,0
3032,0
3033,0
3034,1
3035,0
3036,0
3037,0
3038,1
3039,0
3040,0
3041,0
3042,0
3043,0
3044,0
3045,0
3046,0
3047,0
3048,1
3049,0
3050,0
3051,0
3052,0
3053,0
3054,1
3055,1
3056,0
3057,1
3058,0
3059,0
3060,0
3061,0
3062,0
3063,0
3064,0
3065,1
3066,0
3067,1
3068,0
3069,1
3070,0
3071,1
3072,1
3073,1
3074,0
3075,0
3076,0
3077,0
3078,1
3079,0
3080,0
3081,0
3082,0
3083,0
3084,0
3085,1
3086,0
3087,1
3088,0
3089,1
3090,1
3091,0
3092,0
3093,1
3094,0
3095,1
3096,0
3097,0
3098,1
3099,1
3100,1
3101,0
3102,1
3103,1
3104,0
3105,0
3106,0
3107,1
3108,1
3109,0
3110,0
3111,0
3112,0
3113,0
3114,0
3115,0
3116,1
3117,0
3118,0
3119,0
3120,0
3121,0
3122,1
3123,0
3124,0
3125,1
3126,0
3127,0
3128,1
3129,1
3130,0
3131,0
3132,1
3133,0
3134,0
3135,1
3136,0
3137,0
3138,1
3139,0
3140,1
3141,0
3142,1
3143,0
3144,0
3145,0
3146,0
3147,1
3148,0
3149,1
3150,1
3151,1
3152,0
3153,0
3154,1
3155,0
3156,1
3157,1
3158,0
3159,0
3160,0
3161,1
3162,0
3163,0
3164,0
3165,0
3166,0
3167,0
3168,0
3169,0
3170,0
3171,1
3172,0
3173,0
3174,0
3175,1
3176,1
3177,0
3178,1
3179,0
3180,1
3181,0
3182,0
3183,0
3184,1
3185,1
3186,1
3187,1
3188,0
3189,1
3190,0
3191,0
3192,0
3193,1
3194,1
3195,1
3196,1
3197,1
3198,1
3199,0
3200,0
3201,0
3202,0
3203,0
3204,0
3205,0
3206,1
3207,0
3208,1
3209,1
3210,0
3211,0
3212,0
3213,0
3214,0
3215,1
3216,0
3217,0
3218,0
3219,0
3220,1
3221,0
3222,0
3223,1
3224,0
3225,0
3226,0
3227,1
3228,0
3229,0
3230,0
3231,0
3232,1
3233,0
3234,1
3235,0
3236,1
3237,0
3238,0
3239,0
3240,0
3241,0
3242,0
3243,0
3244,0
3245,0
3246,1
3247,0
3248,0
3249,0
3250,1
3251,0
3252,0
3253,0
3254,0
3255,0
3256,0
3257,1
3258,1
3259,0
3260,0
3261,0
3262,0
3263,1
3264,0
3265,1
3266,1
3267,0
3268,0
3269,0
3270,1
3271,0
3272,1
3273,1
3274,0
3275,0
3276,0
3277,1
3278,0
3279,0
3280,0
3281,1
3282,0
3283,0
3284,1
3285,0
3286,1
3287,0
3288,0
3289,0
3290,0
3291,0
3292,1
3293,0
3294,0
3295,0
3296,0
3297,1
3298,1
3299,0
3300,0
3301,1
3302,1
3303,0
3304,0
3305,1
3306,0
3307,1
3308,1
3309,0
3310,0
3311,0
3312,0
3313,0
3314,0
3315,0
3316,0
3317,1
3318,0
3319,1
3320,0
3321,0
3322,1
3323,1
3324,0
3325,0
3326,1
3327,0
3328,0
3329,1
3330,0
3331,0
3332,0
3333,0
3334,1
3335,0
3336,0
3337,0
3338,0
3339,0
3340,1
3341,1
3342,1
3343,1
3344,1
3345,0
3346,0
3347,0
3348,1
3349,0
3350,1
3351,1
3352,1
3353,0
3354,0
3355,0
3356,0
3357,0
3358,1
3359,0
3360,0
3361,1
3362,0
3363,0
3364,1
3365,0
3366,0
3367,0
3368,1
3369,1
3370,0
3371,0
3372,1
3373,0
3374,0
3375,1
3376,1
3377,1
3378,0
3379,1
3380,0
3381,1
3382,0
3383,0
3384,0
3385,0
3386,1
3387,0
3388,0
3389,1
3390,0
3391,1
3392,0
3393,1
3394,0
3395,0
3396,1
3397,1
3398,0
3399,0
3400,0
3401,1
3402,1
3403,0
3404,0
3405,0
3406,0
3407,1
3408,1
3409,0
3410,1
3411,0
3412,0
3413,1
3414,0
3415,1
3416,0
3417,0
3418,1
3419,0
3420,1
3421,0
3422,1
3423,1
3424,1
3425,1
3426,1
3427,1
3428,0
3429,1
3430,0
3431,1
3432,0
3433,0
3434,0
3435,1
3436,0
3437,1
3438,0
3439,1
3440,1
3441,1
3442,1
3443,0
3444,0
3445,1
3446,1
3447,1
3448,1
3449,0
3450,0
3451,1
3452,1
3453,1
3454,1
3455,1
3456,1
3457,1
3458,0
3459,1
3460,1
3461,1
3462,0
3463,1
3464,1
3465,0
3466,0
3467,0
3468,0
3469,0
3470,0
3471,1
3472,1
3473,1
3474,0
3475,0
3476,0
3477,0
3478,1
3479,0
3480,0
3481,1
3482,1
3483,0
3484,1
3485,1
3486,1
3487,1
3488,0
3489,1
3490,1
3491,0
3492,1
3493,0
3494,0
3495,0
3496,1
3497,1
3498,1
3499,1
3500,0
3501,1
3502,1
3503,1
3504,1
3505,0
3506,1
3507,1
3508,1
3509,0
3510,0
3511,1
3512,0
3513,1
3514,1
3515,0
3516,0
3517,0
3518,1
3519,1
3520,0
3521,0
3522,1
3523,1
3524,0
3525,0
3526,1
3527,1
3528,1
3529,0
3530,1
3531,0
3532,1
3533,0
3534,0
3535,0
3536,0
3537,0
3538,1
3539,1
3540,0
3541,1
3542,0
3543,0
3544,0
3545,0
3546,1
3547,0
3548,1
3549,0
3550,0
3551,1
3552,0
3553,0
3554,0
3555,0
3556,1
3557,0
3558,1
3559,0
3560,0
3561,1
3562,0
3563,0
3564,1
3565,0
3566,0
3567,1
3568,1
3569,1
3570,0
3571,0
3572,1
3573,0
3574,1
3575,0
3576,1
3577,0
3578,0
3579,1
3580,0
3581,0
3582,0
3583,0
3584,1
3585,1
3586,1
3587,1
3588,0
3589,0
3590,0
3591,0
3592,0
3593,0
3594,1
3595,1
3596,1
3597,1
3598,1
3599,1
3600,0
3601,1
